xanthan,rpm_val,aer_val,placement,n_frames,n_bubbles,epsilon_obs_lower,epsilon_obs_mid,epsilon_obs_upper,a_obs_m2_m3_lower,a_obs_m2_m3_mid,a_obs_m2_m3_upper,mean_diameter_mm,a_specific_m2_m3,a_L_m2_m3
000 xanthan,75.0,45.0,placement_1,982.0,42533.0,0.0014735486728712295,0.0016956341255884104,0.0019177195847548012,6.361893711273866,6.737232879794168,7.1125720436241355,0.45703700563144706,3658.455250563839,6.881816346645251
000 xanthan,75.0,45.0,placement_2,977.0,24110.0,0.0122346208736317,0.014582139115916175,0.016929657404925504,16.214768674895865,18.35375640350853,20.492744064290083,0.7442223058993545,1217.2200721067265,20.519632673786568
000 xanthan,75.0,45.0,placement_3,980.0,19954.0,0.019655769265729952,0.02330352856392084,0.02695128787680784,25.252744271306987,28.545345704917807,31.837947129698495,1.0721596821947017,1184.5999900780425,32.26018115774062
000 xanthan,75.0,45.0,placement_4,981.0,15476.0,0.014238382553037734,0.01719174327684098,0.0201451039344013,19.104349517019493,21.845715858526304,24.5870821903939,1.0522236685792503,1220.0695773289112,24.85035606723214
000 xanthan,75.0,45.0,placement_5,980.0,14041.0,0.01227806220472261,0.015067042210201857,0.01785602231105227,17.575720974282508,20.363017076673408,23.15031326864738,1.1185462797110457,1301.9016104739153,23.285026721920676
000 xanthan,75.0,45.0,placement_6,980.0,16966.0,0.014888656975193443,0.0179465210404213,0.021004385122873247,23.364575851373445,26.698272647014047,30.03196947655094,1.2199500246673896,1433.6581967288073,30.308938769368705
000 xanthan,75.0,55.0,placement_1,982.0,27645.0,0.0012356881300341462,0.001452308461029194,0.0016689288017824476,3.7513498891509007,4.032281745350036,4.313213600269989,0.3999865052240892,2542.3202097587564,4.221911279085582
000 xanthan,75.0,55.0,placement_2,982.0,33267.0,0.008469426139221248,0.01024685987244312,0.012024293651979826,15.715598943169766,17.694265827469604,19.672932743073872,0.721626581234681,1623.1171869296747,19.580126967982043
000 xanthan,75.0,55.0,placement_3,968.0,25497.0,0.016690660889676367,0.019656194259536675,0.022621727627378362,24.857482454239346,27.86087366757921,30.864264849053754,0.9867182653816431,1364.8166972803892,31.106472277710083
000 xanthan,75.0,55.0,placement_4,968.0,17733.0,0.016166108828117264,0.018969227734098388,0.021772346686089766,21.46417303276368,24.08079441665068,26.69741587364047,1.029217440671699,1228.0792230242894,26.97237492415139
000 xanthan,75.0,55.0,placement_5,982.0,20359.0,0.014212581762412168,0.017251327888212438,0.02029007409393939,21.92977379691109,25.048977053037277,28.168180326823283,1.066063734014496,1385.6375240074876,28.41214012725609
000 xanthan,75.0,55.0,placement_6,976.0,18930.0,0.017008036712349024,0.020299047924386925,0.023590059188021744,25.048107973060127,28.452784064738413,31.85746008248306,1.169560980516936,1360.2307142050456,32.184601919684404
000 xanthan,75.0,70.0,placement_1,982.0,31552.0,0.0005272628109856074,0.0006491235158520468,0.0007709842165789107,3.189023842507124,3.428593966774368,3.6681640775391338,0.38681257121976426,4687.16353925656,3.551727393165243
000 xanthan,75.0,70.0,placement_2,980.0,46193.0,0.009003404001361721,0.01044185745257754,0.011880310950614401,18.14537833805351,19.866727911661386,21.588077457639503,0.6770847106407444,1816.413790134995,21.32474122248905
000 xanthan,75.0,70.0,placement_3,970.0,28694.0,0.01966081017751533,0.0229395339520364,0.02621825774188172,29.261046373678248,32.635219541379556,36.00939274836275,1.0251036207883168,1375.2534238211363,36.42181239906105
000 xanthan,75.0,70.0,placement_4,975.0,24108.0,0.019952718165260508,0.0232144642744132,0.026476210379866316,27.516894204427885,30.654460964978927,33.792027645293395,1.041130055985662,1285.665709302696,34.1066919107571
000 xanthan,75.0,70.0,placement_5,965.0,21508.0,0.018700400195848024,0.022240808167934566,0.025781216172319956,26.781036829595696,30.40562654676835,34.03021613029806,1.1355815499459694,1327.8646445167994,34.38395219537641
000 xanthan,75.0,70.0,placement_6,969.0,21375.0,0.020455685400876403,0.02425325865433228,0.02805083184534761,29.242156131024217,33.091056065599716,36.93995585714531,1.1737238403702175,1324.786135222574,37.456579281488445
000 xanthan,75.0,80.0,placement_1,982.0,31955.0,0.0013528374675538578,0.0015148055905698885,0.0016767737145008898,4.440838902251796,4.702928159815319,4.965017425338199,0.4281138382020401,2944.800480993832,4.8473436662969736
000 xanthan,75.0,80.0,placement_2,978.0,47552.0,0.010123351042551416,0.011821802368457758,0.013520253759869216,20.587169452525202,22.680478896787335,24.773788398990813,0.7101677841603925,1832.0011187114112,24.50330549898206
000 xanthan,75.0,80.0,placement_3,963.0,30082.0,0.022467541007171486,0.025800370049657642,0.029133199142241696,31.69421104008388,35.056508366028375,38.41880583219807,1.033895294199118,1333.7351593082885,38.71530615642722
000 xanthan,75.0,80.0,placement_4,961.0,25569.0,0.02259651040100572,0.025658830273693374,0.028721150196223507,30.835484494145064,33.89273666096371,36.949988865553124,1.0771133469872396,1297.7586803265638,37.29181053985533
000 xanthan,75.0,80.0,placement_5,976.0,22546.0,0.021255080881485085,0.025063461978618806,0.028871843095379976,30.683043203599457,34.50936048954153,38.335677874872154,1.215862014726313,1335.6621957915372,38.905458760042585
000 xanthan,75.0,80.0,placement_6,975.0,23434.0,0.021821608489408083,0.025692968537754463,0.029564328560188133,32.39134422338795,36.44501192979811,40.498679607398984,1.2108954549755047,1377.4901972834934,41.13664288052822
000 xanthan,75.0,90.0,placement_1,971.0,32505.0,0.0006202375629643459,0.0007359025010149849,0.000851567432471483,3.5924223363079637,3.823517041679929,4.05461173217465,0.4065716093431615,4694.433311758571,3.928920273425278
000 xanthan,75.0,90.0,placement_2,982.0,51796.0,0.008471104730613256,0.009897726433735776,0.011324348166919077,20.805271294776066,22.816478245462026,24.827685226706226,0.730252695842145,2179.3756769034794,24.46095564824829
000 xanthan,75.0,90.0,placement_3,970.0,34535.0,0.023129617341295285,0.02659441926880897,0.030059221193422372,33.091838042081896,36.57562493883552,40.059411757079324,0.9987962989941477,1337.2191154965924,40.51291557635194
000 xanthan,75.0,90.0,placement_4,943.0,26257.0,0.024405987170457184,0.02790386780674839,0.03140174845813425,31.88786416936076,35.20717928427884,38.52649447457076,1.053727977107107,1237.3450225578135,39.054416964267276
000 xanthan,75.0,90.0,placement_5,970.0,25720.0,0.020351769847165836,0.023950201255129346,0.027548632643447413,31.58872308282856,35.51838900541778,39.448055009736336,1.1869302702121394,1441.8611110391234,39.865313270704995
000 xanthan,75.0,90.0,placement_6,977.0,23962.0,0.022559149645412294,0.02641034624194825,0.03026154274596532,33.075656936880684,37.14648500781871,41.217313068542346,1.195021717341052,1364.662022349532,41.93854577027371
000 xanthan,100.0,45.0,placement_1,982.0,39983.0,0.0015155322682474349,0.0017518896100729609,0.001988246967772782,5.476808307578347,5.82604944662485,6.175290550209581,0.44011468770710765,3086.8765837452556,6.0041650227424155
000 xanthan,100.0,45.0,placement_2,978.0,27582.0,0.011863023695146984,0.01427196298484296,0.01668090226273894,19.31690213835409,21.965895720265532,24.614889295968972,0.8384557581956235,1470.5321192269585,24.690850995957007
000 xanthan,100.0,45.0,placement_3,982.0,23777.0,0.022801968621323342,0.026633389533740084,0.030464810422101096,35.66946810553433,39.79736371967177,43.92525936308828,1.3374880787075807,1444.8816651477516,44.62571414229909
000 xanthan,100.0,45.0,placement_4,981.0,11034.0,0.011201597981058567,0.013363751264765153,0.015525904537498683,16.861409374215338,19.179425690958816,21.49744200119316,1.3007534026521321,1386.322398202229,21.588970614221935
000 xanthan,100.0,45.0,placement_5,982.0,22364.0,0.014605492658478084,0.017947310182157047,0.02128912776157815,26.64467773221628,30.544399883343274,34.444122060338174,1.212915461618443,1615.993267949604,34.74880101014924
000 xanthan,100.0,45.0,placement_6,998.0,22140.0,0.01693851917963214,0.020567038441252596,0.02419555778601548,29.956677780021078,34.1878836658663,38.4190894929734,1.2957878284633855,1589.2461903757196,38.84055465032565
000 xanthan,100.0,55.0,placement_1,982.0,42381.0,0.0011133710737416295,0.001274100821798476,0.0014348305725558183,5.571041216201578,5.867667623882746,6.164294043502948,0.44551913287319184,4244.407679390499,5.984706763797641
000 xanthan,100.0,55.0,placement_2,982.0,34221.0,0.013170249509154044,0.01568190014847705,0.01819355072366328,21.86041461083054,24.593463656548874,27.326512652023773,0.8169999365970757,1496.7975790869648,27.412999571826326
000 xanthan,100.0,55.0,placement_3,982.0,23890.0,0.023817347556499793,0.02785509657547174,0.0318928456287684,35.305999730058204,39.460223813648206,43.61444777045703,1.291882747573404,1371.1760521182853,44.367859069486016
000 xanthan,100.0,55.0,placement_4,981.0,17309.0,0.014483654553757209,0.01719765102247948,0.019911647476667346,21.36331126605427,24.16803320018021,26.972755094753357,1.1211129902307133,1355.9719635538995,27.187171777484455
000 xanthan,100.0,55.0,placement_5,982.0,22570.0,0.01569864331676139,0.019302307933787483,0.022905972558861766,27.52574976977199,31.58557875687528,35.645407736019216,1.2161740125738765,1553.3327707418841,36.06314159341987
000 xanthan,100.0,55.0,placement_6,982.0,22583.0,0.02002868490042394,0.023993779383252943,0.027958873756249943,33.52465963014379,38.02847599255166,42.53229231971097,1.3390736432518837,1525.8475224639606,43.138799247943425
000 xanthan,100.0,70.0,placement_1,982.0,50047.0,0.0008132536012538801,0.0008996162316201427,0.0009859788597211866,5.802893770744672,6.077121212071742,6.351348660931774,0.4461838294242412,6385.394055951555,6.100359362882378
000 xanthan,100.0,70.0,placement_2,970.0,37730.0,0.016114880022467932,0.019144953299950883,0.022175026678394924,26.241313265880617,29.446193975293212,32.651074771327394,0.8565305122606092,1465.8424172791056,32.831968956544955
000 xanthan,100.0,70.0,placement_3,974.0,27282.0,0.02289435495050556,0.02630568024436035,0.02971700562129259,33.9565294348194,37.630909858762735,41.30529039598373,1.1848230267056443,1399.748432192183,41.78224648537416
000 xanthan,100.0,70.0,placement_4,975.0,19711.0,0.01719489725516392,0.020022470582754918,0.022850043812923018,24.14696841825058,27.009265745043177,29.871563048059155,1.1025074657135248,1313.302374121634,30.10804828429716
000 xanthan,100.0,70.0,placement_5,980.0,22824.0,0.022215465801517783,0.026273333565660348,0.030331201359284143,34.873700648870006,39.36777063590756,43.861840614684674,1.3611867314159416,1446.495360237241,44.66321195635096
000 xanthan,100.0,70.0,placement_6,981.0,21787.0,0.02407892624764592,0.02849545471104164,0.03291198316931541,37.673252227333116,42.466813299397934,47.2603744711984,1.4451711781833196,1439.0021269621047,48.19467431605291
000 xanthan,100.0,80.0,placement_1,982.0,58707.0,0.0010420314262268144,0.0011758793721950013,0.001309727317479181,7.295201050954377,7.636092684738506,7.97698433145659,0.46292880405272885,6044.551860393732,7.6521210864251765
000 xanthan,100.0,80.0,placement_2,976.0,42966.0,0.014425659574138315,0.017044148445473424,0.019662637350740964,26.189766234692573,29.214470442315154,32.239174522841935,0.842404247575545,1632.4200719412304,32.22870001631303
000 xanthan,100.0,80.0,placement_3,958.0,26967.0,0.025627015301830827,0.029373938118193627,0.03312086091794753,37.06488859600676,40.93361452879876,44.802340447895716,1.2510939052167154,1362.0984724141308,45.387906731435855
000 xanthan,100.0,80.0,placement_4,965.0,20258.0,0.01969431647512738,0.022682416006862844,0.025670515488852835,27.82241332605122,30.947520773373153,34.07262814953456,1.1904711242712924,1335.1117926564843,34.38292908629737
000 xanthan,100.0,80.0,placement_5,972.0,22906.0,0.02486291870345139,0.028860888446400564,0.032858858205423246,36.37807446923069,40.64905088189517,44.92002730148805,1.3688352457442996,1374.8076818165403,45.6963114100762
000 xanthan,100.0,80.0,placement_6,979.0,23758.0,0.02531326308062913,0.02964173717753417,0.03397021126253487,38.716134934740786,43.33833592356616,47.960537048685495,1.3862468373848327,1423.29123450837,48.872445902518585
000 xanthan,100.0,90.0,placement_1,982.0,58549.0,0.0015383092366134323,0.0017821957010724662,0.0020260821671204843,8.041958570205946,8.558665339547677,9.07537212678019,0.4717675162715643,4408.840716437773,8.753351660673955
000 xanthan,100.0,90.0,placement_2,949.0,42827.0,0.018385589735768242,0.02123340327078016,0.024081216896306778,30.482616460983643,33.684741486308866,36.88686640434379,0.8898391873453767,1545.896289152878,36.901056817410236
000 xanthan,100.0,90.0,placement_3,951.0,26993.0,0.028878019152098804,0.03303358591481684,0.037189152501701885,39.951752166651026,44.06723069013855,48.1827092399336,1.2988669759539504,1310.6900457842153,48.99143698864519
000 xanthan,100.0,90.0,placement_4,949.0,20784.0,0.02131416176165027,0.024433316174804744,0.027552470624341012,28.616864363579253,31.67107833763546,34.72529229676368,1.1687201937417835,1276.0010545288135,35.01488534102929
000 xanthan,100.0,90.0,placement_5,970.0,25930.0,0.022672999281805918,0.026695426977804942,0.03071785479499505,36.037460173466194,40.45712408100883,44.87678795675185,1.2980687659471688,1461.8393145232444,45.603628278188985
000 xanthan,100.0,90.0,placement_6,974.0,20668.0,0.030123575946733164,0.0351638379787152,0.040204100108426996,42.036941556377975,47.004154322769686,51.97136712985825,1.5365752221973061,1301.2006883382528,53.26963722971248
000 xanthan,125.0,45.0,placement_1,982.0,39668.0,0.0012867290357850174,0.0014873558293607605,0.0016879826341160227,5.268991425237952,5.607517615381922,5.946043789465048,0.4425278819741436,3485.1913476694845,5.771154496866649
000 xanthan,125.0,45.0,placement_2,982.0,34291.0,0.01630445175267721,0.019343114585156328,0.022381777403671043,28.44785541531566,32.012881416658075,35.57790741814262,0.9698447239980982,1590.3751632265391,35.80564609696119
000 xanthan,125.0,45.0,placement_3,979.0,26921.0,0.0242487459145795,0.0284581735172159,0.032667601030106436,43.95472764843099,49.026760901121364,54.09879400497189,1.5078230088101143,1660.7044471877641,55.05109835675857
000 xanthan,125.0,45.0,placement_4,982.0,29142.0,0.008612134420148122,0.0102723343778765,0.011932534329333333,21.79656911577127,24.360768708025056,26.924968323304117,1.0088305104875521,2247.747618355485,26.831180831955454
000 xanthan,125.0,45.0,placement_5,982.0,32773.0,0.01730126918685413,0.02069133167195716,0.02408139415194346,37.40153046525659,42.12500477343395,46.848479133915646,1.2774832800578504,1945.611284208526,47.2511827474404
000 xanthan,125.0,45.0,placement_6,982.0,33743.0,0.017955317497943605,0.02129747496615143,0.024639632398257894,39.482633477447514,44.22083505095611,48.95903657102332,1.2906226620767942,1985.597751062484,49.37618365862206
000 xanthan,125.0,55.0,placement_1,982.0,50609.0,0.001344075061632558,0.001539352548788274,0.0017346300472523158,7.070893766763241,7.489419752537907,7.9079457269420645,0.47071377011017085,4510.89830296579,7.644578528026805
000 xanthan,125.0,55.0,placement_2,981.0,39249.0,0.014089401748877588,0.01675695008973453,0.01942449848017474,25.978698976371593,29.134612761827498,32.29052657829963,0.866045037143119,1657.9561651719305,32.35032038710342
000 xanthan,125.0,55.0,placement_3,982.0,28191.0,0.023871261427957372,0.02775054218515379,0.03162982307424811,41.99381263966812,46.65012114989477,51.306429688831955,1.4229413585808761,1628.9411629993358,52.05566031691023
000 xanthan,125.0,55.0,placement_4,982.0,29048.0,0.00949790957232236,0.01135393114728162,0.013209952713180009,22.504667251176933,25.20258844297636,27.9005096384712,0.9985431076459579,2107.194002241437,27.799478061105177
000 xanthan,125.0,55.0,placement_5,982.0,35997.0,0.018529564828018052,0.02193752478814776,0.02534548476376978,40.00326034468298,44.65297403063044,49.302687891115205,1.2620184301417972,1941.4521272302682,49.73236898332973
000 xanthan,125.0,55.0,placement_6,982.0,34331.0,0.020116567773866206,0.023662205952317387,0.02720784417482929,41.86738374654249,46.7278410967972,51.5882984356814,1.3074930449321613,1896.1101391840373,52.14927599697071
000 xanthan,125.0,70.0,placement_1,982.0,56294.0,0.002049727387356511,0.002334223329028806,0.0026187192644473215,9.379297208230684,9.92909077777349,10.478884345966048,0.5104664578513082,3949.0879311648923,10.128058496649544
000 xanthan,125.0,70.0,placement_2,978.0,40558.0,0.01956653332250686,0.022991077935946822,0.026415622404867917,34.09126902399209,38.043508145283056,41.995747341070036,0.980720275018761,1588.41627739449,42.35342880638411
000 xanthan,125.0,70.0,placement_3,956.0,28689.0,0.02469135717703526,0.028118594997939395,0.031545832761065276,39.22443214570215,43.11476551644115,47.0050988433811,1.2837109226694448,1496.0115560855538,47.557856597637894
000 xanthan,125.0,70.0,placement_4,976.0,32697.0,0.010475381221854716,0.012193224406729632,0.013911067631547662,23.74600530078451,26.225076567328795,28.70414776666068,0.9718662801972736,2060.746715949223,28.507697825297004
000 xanthan,125.0,70.0,placement_5,982.0,31708.0,0.023763041602646817,0.027726479651617765,0.031689917665340135,44.49441886828888,49.503159291603346,54.51189952844147,1.3995472725806797,1724.330655577661,55.284672626883264
000 xanthan,125.0,70.0,placement_6,964.0,28299.0,0.02532350718576328,0.029410659446334718,0.03349781173937426,45.42122019136515,50.4083597715332,55.39549925353684,1.4735369120532817,1659.3683877802257,56.341939078095145
000 xanthan,125.0,80.0,placement_1,982.0,58745.0,0.0012084027019924897,0.0013604416790272491,0.0015124806572878915,7.561167420151952,7.930557297282501,8.299947195164227,0.46843230291285315,5420.840710099728,7.962099458397393
000 xanthan,125.0,80.0,placement_2,978.0,42780.0,0.020079632526104722,0.023513992866492972,0.02694835326056349,35.16773997643113,39.080892806416436,42.99404553514711,0.9834999814223491,1594.3515959195115,43.27965532656897
000 xanthan,125.0,80.0,placement_3,953.0,26720.0,0.028813498682152,0.03297671313940149,0.03713992753587155,44.057394855025045,48.62704234209437,53.19668994017767,1.4211513576634949,1443.7379993349746,54.15554686781679
000 xanthan,125.0,80.0,placement_4,971.0,29079.0,0.012231893513649965,0.01426219318776703,0.01629249284452731,24.667323185756505,27.33994786309591,30.01257255682185,1.0192282863718527,1843.5475579211281,29.962932711456034
000 xanthan,125.0,80.0,placement_5,969.0,29932.0,0.02567926732536246,0.029923212876240817,0.03416715841811679,44.606010553813064,49.6569925859597,54.70797455530569,1.4165164318265187,1604.8118886495627,55.65484826321739
000 xanthan,125.0,80.0,placement_6,978.0,27256.0,0.02514158167345016,0.029398435001288654,0.03365528831378554,43.85957348728662,48.95140258014757,54.0432316142109,1.4758897386628171,1611.7443463673565,55.01343994351144
000 xanthan,125.0,90.0,placement_1,982.0,61301.0,0.0028229403495222886,0.0032314647341941992,0.0036399891297435997,10.356974229614453,11.031817038803306,11.706659818286706,0.506578565835569,3182.6631300892027,11.306516791639028
000 xanthan,125.0,90.0,placement_2,962.0,41146.0,0.023688286317957958,0.027080996071210665,0.03047370595117809,37.70660820608853,41.58546152650296,45.4643148340047,1.0232048466189432,1498.5097769738516,45.88752718504301
000 xanthan,125.0,90.0,placement_3,929.0,25979.0,0.027645590032210312,0.03153732263503149,0.03542905537164142,42.12668383071019,46.40738667578202,50.688089487801044,1.3824000923154038,1436.200889757332,51.597338252077556
000 xanthan,125.0,90.0,placement_4,922.0,27299.0,0.02043925988486144,0.023552582403124828,0.02666590492630809,34.60010084452225,38.24362700655347,41.88715322330879,1.2081586726879077,1577.524531020381,42.243886250892736
000 xanthan,125.0,90.0,placement_5,963.0,29078.0,0.02701395071763807,0.03135594257201223,0.035697934375079184,45.69660530301139,50.70228828075892,55.70797143764686,1.4421779748969101,1563.83325019052,56.72983590012817
000 xanthan,125.0,90.0,placement_6,884.0,22387.0,0.029186785637020245,0.033557244848852294,0.0379277040073182,45.66300083383912,50.518953082714134,55.37490545750482,1.553667399300565,1473.3826780531645,56.47424603858058
000 xanthan,150.0,45.0,placement_1,982.0,49925.0,0.001846875517687872,0.002161091788297881,0.0024753080678532814,8.666032961078125,9.276237151984336,9.886441363499593,0.505071918410595,3946.618464026055,9.600652032859573
000 xanthan,150.0,45.0,placement_2,982.0,42163.0,0.01940766512589653,0.022700902601938702,0.025994140126518732,38.286634996563194,42.493773306867894,46.70091161660407,1.0795320712456327,1793.1564013013758,47.047661585028656
000 xanthan,150.0,45.0,placement_3,973.0,31200.0,0.026101923496749356,0.030037595016235145,0.03397326652195011,49.46313585507946,54.530626665268,59.59811736873269,1.5141053669760107,1759.7625945634936,60.572832326630135
000 xanthan,150.0,45.0,placement_4,982.0,44810.0,0.008191429111722203,0.009635340738139354,0.011079252364698639,26.28335743271956,28.96403537030282,31.644713230850886,0.9436232490621925,2836.783976491434,31.251665840353773
000 xanthan,150.0,45.0,placement_5,979.0,44774.0,0.018753598022139394,0.021693294727939103,0.024632991426895602,46.564959410017,51.304146347996884,56.04333337836012,1.2742036483818742,2274.8834856614653,56.28912980600985
000 xanthan,150.0,45.0,placement_6,982.0,41847.0,0.01869624861689041,0.021827541537506788,0.024958834468925148,46.736982564709386,51.74700854052753,56.75703444812262,1.329558989423887,2277.180541888027,57.02962119835354
000 xanthan,150.0,55.0,placement_1,979.0,55927.0,0.004002446318684315,0.004556396885074778,0.005110347408944666,11.282527442993038,12.082315101483935,12.88210276981195,0.522246656843829,2552.4554784418838,12.49108426669585
000 xanthan,150.0,55.0,placement_2,982.0,42486.0,0.01905424827159872,0.022422149446121992,0.025790050578574385,37.46926118644205,41.77514932029436,46.08103743822796,1.058732509023707,1784.8395799396133,46.40749677620755
000 xanthan,150.0,55.0,placement_3,914.0,25029.0,0.02527772277943071,0.02909518060865136,0.032912638530869766,45.709549479697465,50.48516296780407,55.26077634290848,1.5621220627097672,1686.4450231555281,56.09292932424022
000 xanthan,150.0,55.0,placement_4,976.0,44322.0,0.01100901387660737,0.012818019285706174,0.014627024703027772,31.266087412845373,34.409154149619766,37.55222088239002,1.0197766990792538,2558.2506775436404,37.253091083110455
000 xanthan,150.0,55.0,placement_5,982.0,43292.0,0.020227210995952226,0.023482075290965104,0.026736939619947372,48.54567812676589,53.59744801726716,58.64921780060139,1.3271958898102039,2194.564715868249,59.062910467164244
000 xanthan,150.0,55.0,placement_6,965.0,39548.0,0.02051145305356643,0.023684995532682412,0.02685853802799754,48.314757139390494,53.26716805987656,58.219578963584944,1.3781793952824886,2168.2520194380595,58.63102854002663
000 xanthan,150.0,70.0,placement_1,982.0,62462.0,0.0036115078196200987,0.004133665926931926,0.004655824034830046,11.172216634555785,11.927674263769857,12.683131913948305,0.5024055542618905,2682.656921720496,12.310342201425478
000 xanthan,150.0,70.0,placement_2,979.0,44038.0,0.021283205842171412,0.024626317818367327,0.027969429825464617,38.76722968095951,42.904020594466374,47.040811585244484,1.0505323041099515,1682.2238315108364,47.39942805216869
000 xanthan,150.0,70.0,placement_3,879.0,26657.0,0.026744232456986417,0.03043151255328526,0.03411879266570089,47.10934852303391,51.656917317715234,56.20448617273528,1.4991360151626034,1657.595873278759,57.00012402755677
000 xanthan,150.0,70.0,placement_4,969.0,47081.0,0.011799062853574986,0.013619189647862783,0.015439316434948672,34.06404536705426,37.30125324140112,40.53846106274193,1.0459241494256237,2617.3708965368187,40.172844454459835
000 xanthan,150.0,70.0,placement_5,968.0,37280.0,0.023358686975870943,0.026995549192808874,0.030632411269452882,49.540169833595115,54.680229329043016,59.82028861859193,1.4085637388588577,1956.0121082119413,60.47880289016219
000 xanthan,150.0,70.0,placement_6,914.0,28663.0,0.027177556845142656,0.03135583813958263,0.03553411941737768,50.24614776945577,55.591279088754646,60.93641057175402,1.5465398629020632,1721.296386098232,61.99884176570757
000 xanthan,150.0,80.0,placement_1,982.0,64499.0,0.002459155455960004,0.002863867629442636,0.0032685797884611824,11.326816894250996,12.087711705676524,12.848606465934765,0.5222493256369724,3882.908952128181,12.4014433957628
000 xanthan,150.0,80.0,placement_2,978.0,41168.0,0.023060982654247057,0.026601530752723868,0.03014207890220262,40.56019137144872,44.77922958292526,48.99826776022212,1.105112818803814,1627.8390917887677,49.4666076818801
000 xanthan,150.0,80.0,placement_3,891.0,26683.0,0.028868443449165032,0.032826316356970656,0.03678418918692243,46.915356148080505,51.411627314068255,55.90789862793132,1.4660997976393457,1527.7817444230566,56.88964836661864
000 xanthan,150.0,80.0,placement_4,968.0,44955.0,0.013545645973514913,0.015455068074096818,0.017364490270490963,33.3116391179193,36.33857824095764,39.36551735246102,1.0198699002065292,2269.7808765355844,39.07907422619469
000 xanthan,150.0,80.0,placement_5,898.0,29393.0,0.026096601079429585,0.02992494595323059,0.033753290721050155,49.23882324232354,54.153741041715165,59.068658864887034,1.5123587336503854,1759.1846289751634,59.805810736707066
000 xanthan,150.0,80.0,placement_6,919.0,31353.0,0.025381129507594736,0.029350474615508274,0.03331981974726616,50.23957464862484,55.51698772334862,60.7944008053624,1.5020259559240754,1835.644204744061,61.69440451853437
000 xanthan,150.0,90.0,placement_1,982.0,66620.0,0.0027383680162220065,0.003108346533699719,0.003478325058403923,11.051107167247169,11.729350897616632,12.407594602082655,0.5085994105708139,3508.613078918558,11.966849774234731
000 xanthan,150.0,90.0,placement_2,974.0,43054.0,0.023857065138578003,0.027267932462513668,0.030678799677972175,41.967602335979244,46.09967890075406,50.2317554744134,1.1083759183801496,1638.1130784675754,50.682293790778644
000 xanthan,150.0,90.0,placement_3,936.0,28026.0,0.027128333360384723,0.030891254133009874,0.03465417486939973,44.12435927994669,48.43335188476685,52.74234459784554,1.4048111392601712,1533.488312742756,53.426175621747255
000 xanthan,150.0,90.0,placement_4,969.0,41560.0,0.014735931081371946,0.016905594600073796,0.0190752580608723,33.00484061702892,36.18481454336064,39.36478857728888,1.0363675382913622,2074.1756730435973,39.1588115174127
000 xanthan,150.0,90.0,placement_5,945.0,33121.0,0.02651378213387995,0.03046007992256236,0.0344063775789089,50.23108841535161,55.34343543534791,60.45578246893226,1.4619575096959407,1762.3261118187281,61.35526703962962
000 xanthan,150.0,90.0,placement_6,915.0,28797.0,0.02776349635036017,0.03180040786008021,0.03583731943215049,49.20076476911459,54.21902042842218,59.237276020307625,1.506543638843744,1662.4239746863211,60.255257627862
0125 xanthan,75.0,45.0,placement_1,999.0,94196.0,0.002581520736250723,0.0028102674326295884,0.003039014125969157,9.234859531216657,9.664885312032274,10.094911106279957,0.3420704775603582,3318.871709749568,9.738777849508498
0125 xanthan,75.0,45.0,placement_2,995.0,35121.0,0.0026280198003804595,0.0029186681955733276,0.0032093166087850122,5.217484431415947,5.527571708545011,5.837658988777646,0.37479593756084056,1825.7006814315107,5.6872560955616125
0125 xanthan,75.0,45.0,placement_3,980.0,34049.0,0.003789664242917956,0.0041160227210716065,0.004442381158632372,6.079604758269894,6.413174650173151,6.746744583022565,0.3968815558128505,1511.977594606276,6.594575393164632
0125 xanthan,75.0,45.0,placement_4,990.0,120484.0,0.0048228519278201995,0.005300005093182724,0.005777158267215691,16.21770061034527,17.03767955359796,17.857658451736157,0.40741384860800617,3066.4906145256846,17.21655764232409
0125 xanthan,75.0,45.0,placement_5,989.0,87759.0,0.004203236546777009,0.004616254919937159,0.00502927326037607,13.778751913245053,14.43449906679554,15.09024621171974,0.4319565162761056,2980.390557559508,14.633551624934958
0125 xanthan,75.0,45.0,placement_6,991.0,540546.0,0.006009424306095518,0.006532700718339574,0.007055977142801549,43.44841021093345,45.93523739608329,48.42206461700662,0.3562582071225285,6875.723369393387,44.407574958766084
0125 xanthan,75.0,55.0,placement_1,993.0,262521.0,0.0037075126349575727,0.0039414419913708304,0.004175371342372647,19.580323608659768,20.482116963586236,21.38391034521851,0.3176580799198534,5083.92322684452,20.368108708557635
0125 xanthan,75.0,55.0,placement_2,988.0,64407.0,0.0032120221402963276,0.00350466886859251,0.0037973155716392076,7.361909781107196,7.734610611069564,8.107311451309194,0.345607033255274,2137.8791252427272,7.858969515093324
0125 xanthan,75.0,55.0,placement_3,985.0,60609.0,0.004184310308883588,0.004628537921806878,0.005072765538269585,8.46796655266625,8.940772852483821,9.413579144428272,0.3705438633289584,1870.1640194427869,9.139567058862458
0125 xanthan,75.0,55.0,placement_4,979.0,203856.0,0.0057744999399151455,0.006287983043066282,0.0068014661174723694,24.755743790448047,25.991491121633317,27.227238466932707,0.3970725555232015,3982.6834228460098,25.920899849424064
0125 xanthan,75.0,55.0,placement_5,992.0,134530.0,0.006106349517774208,0.006653107575769206,0.007199865644272629,19.426713244439753,20.36533909422151,21.303964975414228,0.4080032003132147,2935.414580505695,20.604157503071274
0125 xanthan,75.0,55.0,placement_6,990.0,505295.0,0.006896489548599055,0.00748412488234363,0.008071760215577142,47.96274956247268,50.72046850186666,53.47818746409987,0.3862364959333442,6676.877027121355,48.86148018081989
0125 xanthan,75.0,70.0,placement_1,980.0,499319.0,0.00545627658463616,0.005857006702813465,0.006257736807603158,35.51101639308785,37.45196816715628,39.3929199910722,0.3141432948441559,6373.628928451774,36.89680300901729
0125 xanthan,75.0,70.0,placement_2,978.0,138134.0,0.003338208245545712,0.0036195586427795884,0.00390090904439742,11.371474782353562,11.922700690670625,12.47392655845729,0.30897839130644167,3184.4870732153154,11.987050414350646
0125 xanthan,75.0,70.0,placement_3,985.0,107960.0,0.004596009909036763,0.004959400664676492,0.005322791406974424,11.786946409905848,12.354981715995761,12.92301706448894,0.3407542852894625,2415.0364673462136,12.503120749638951
0125 xanthan,75.0,70.0,placement_4,977.0,272121.0,0.007409231954018069,0.008037753227155364,0.008666274537239501,32.861309148136456,34.56292987808979,36.26455065918655,0.3960534360869276,4165.193325420624,34.274544091408664
0125 xanthan,75.0,70.0,placement_5,978.0,193297.0,0.007498793089257096,0.008150538145199115,0.008802283228042471,25.604052059540493,26.860910722231836,28.117769370794623,0.38687988065741086,3163.054550739225,27.095127978880136
0125 xanthan,75.0,70.0,placement_6,975.0,470511.0,0.008016232165166998,0.008696803625614305,0.009377375105744983,51.34289324351774,54.33539113705552,57.327888922943146,0.40752091416864217,6155.36989054406,52.367601728128236
0125 xanthan,75.0,80.0,placement_1,978.0,571722.0,0.006862403644213275,0.007428939262949594,0.007995474900559664,42.94387832771118,45.477259942178215,48.01064138367749,0.32183115527026523,6000.7567881632085,44.81153410688675
0125 xanthan,75.0,80.0,placement_2,986.0,169715.0,0.004259527525250632,0.004617033433466678,0.004974539291430786,13.800720336553487,14.471783318594637,15.142846287931246,0.30865767812052575,3101.7352290493654,14.474817812463384
0125 xanthan,75.0,80.0,placement_3,985.0,158618.0,0.005052078552086319,0.005525483207509693,0.005998887822522436,14.967031709912678,15.742940834360285,16.51884995979978,0.3255718725181434,2742.5788807748436,15.880838876736497
0125 xanthan,75.0,80.0,placement_4,975.0,321890.0,0.006941168013773364,0.007538049483056683,0.00813493091247223,36.51150929034522,38.43334263269533,40.35517606637627,0.38987809552470315,4940.823880125304,37.82383402991099
0125 xanthan,75.0,80.0,placement_5,985.0,268245.0,0.009025996045599862,0.009785591040410678,0.010545186021290764,31.664550935148128,33.29194997401489,34.91934893296372,0.3664902345377652,3304.9067626818523,33.436254289206
0125 xanthan,75.0,80.0,placement_6,970.0,454748.0,0.008199389943858664,0.008893954659225099,0.00958851938718188,52.4870777928657,55.55133570754533,58.61559371143655,0.41686735206402387,6167.539338357822,53.512908787808364
0125 xanthan,75.0,90.0,placement_1,970.0,602424.0,0.006931470226060439,0.007562358761021313,0.008193247291449662,47.938765595284345,50.96278711556741,53.98680870002527,0.3308248895546017,6566.179815067514,50.1881579856765
0125 xanthan,75.0,90.0,placement_2,990.0,224621.0,0.004310550832108589,0.004662219082620866,0.005013887359499132,16.944439777177276,17.762197045179366,18.57995435117633,0.30296329133082095,3639.5274803912084,17.784512071524613
0125 xanthan,75.0,90.0,placement_3,978.0,218827.0,0.005519332192080701,0.0060464432543657996,0.006573554308712506,18.363520581268503,19.3433319827192,20.323143491204394,0.31123061242630917,3068.818453471956,19.450234179138747
0125 xanthan,75.0,90.0,placement_4,967.0,353300.0,0.007690153602147735,0.00836591915803107,0.009041684795067364,38.74216989661981,40.85622759227051,42.970285300622784,0.3813291547675077,4728.775486263035,40.236381599799174
0125 xanthan,75.0,90.0,placement_5,978.0,313311.0,0.008545847734292882,0.009318821581274861,0.01009179550048729,33.87715108549352,35.690589671991326,37.50402835453475,0.3554856098734633,3678.4092958895294,35.777459846949355
0125 xanthan,75.0,90.0,placement_6,974.0,449722.0,0.00901540308737274,0.009818807606191101,0.010622212109246602,53.85200482521138,57.05412040533099,60.256235994048524,0.42259277599423645,5713.6949045664705,55.09741596791992
0125 xanthan,100.0,45.0,placement_1,1000.0,591053.0,0.003887828473617147,0.004165546475912812,0.0044432644696945234,35.27177746912003,37.18632638880134,39.100875310715814,0.31172446361496053,8803.223799002166,36.378624226478884
0125 xanthan,100.0,45.0,placement_2,993.0,186314.0,0.0030384879301125116,0.0033379938355280188,0.003637499728627228,12.315034133638067,12.954996999608257,13.594959827768644,0.2981726987120563,3640.846656976874,13.004077962610856
0125 xanthan,100.0,45.0,placement_3,993.0,164562.0,0.0044644899621896885,0.004906373415919047,0.005348256860114696,14.849463867410442,15.630562639489781,16.411661468705496,0.3375845260852352,3004.104754609525,15.765532731947834
0125 xanthan,100.0,45.0,placement_4,985.0,358601.0,0.006093193670770616,0.0066463943443538405,0.007199595020487636,33.07556471804073,34.83945242035687,36.60334017552654,0.3699845995093731,5033.503596753096,34.26155758725344
0125 xanthan,100.0,45.0,placement_5,997.0,203004.0,0.005448521218228505,0.005936001656480335,0.006423482133107738,21.615145740602138,22.655016361408325,23.69488691256801,0.37298421377271823,3666.867329962036,22.693299441612975
0125 xanthan,100.0,45.0,placement_6,991.0,471685.0,0.007553321169813924,0.00821336386033963,0.008873406571392848,45.51485796245272,48.096861257209994,50.67886463703497,0.38228210605540003,5692.51047048943,46.760402902759054
0125 xanthan,100.0,55.0,placement_1,999.0,587009.0,0.004728550394492765,0.005083914131081181,0.005439277865783476,40.35959132105963,42.6167638197535,44.87393625865034,0.33136301202068325,8273.380327997427,41.67165343675583
0125 xanthan,100.0,55.0,placement_2,988.0,188418.0,0.003642820767114878,0.004000093347497854,0.0043573659339288745,14.01845236581764,14.735104518370887,15.451756703557091,0.313160430112958,3514.5264395138993,14.762678461708134
0125 xanthan,100.0,55.0,placement_3,982.0,172663.0,0.004956339306396107,0.005448769322843789,0.00594119931587533,16.693594826223592,17.56120244561025,18.42881005188529,0.34561300860059824,3068.392934609516,17.687741902967158
0125 xanthan,100.0,55.0,placement_4,986.0,363373.0,0.006825802320073353,0.007419816122901791,0.008013829905877175,36.07062359786779,38.016866186647064,39.96310873409236,0.38192840428165664,4934.410959523629,37.32440184996248
0125 xanthan,100.0,55.0,placement_5,992.0,227665.0,0.006994580055448626,0.007654114244164954,0.008313648414010087,25.958444342400938,27.27532505312708,28.59220579649529,0.3808762036294928,3414.2775489377273,27.36550274033146
0125 xanthan,100.0,55.0,placement_6,993.0,460837.0,0.007868677369242794,0.00855224042541797,0.009235803498987063,44.45623230085209,46.97062110297518,49.48500989947599,0.3777355531500166,5340.347632111003,45.773521296255666
0125 xanthan,100.0,70.0,placement_1,997.0,541815.0,0.006166552343666005,0.00666498480681432,0.0071634172710825774,43.319329531059836,45.785173315206336,48.25101711279217,0.3486484737118342,6803.058105152804,44.9564300131282
0125 xanthan,100.0,70.0,placement_2,987.0,239623.0,0.004363236992989098,0.004778699925296302,0.005194162860431733,17.25825888408265,18.161374265831302,19.064489673741054,0.30609669878427437,3620.0247882854496,18.170658773854722
0125 xanthan,100.0,70.0,placement_3,979.0,206572.0,0.005860581658457798,0.006386113236618386,0.006911644804193382,19.077105022957213,20.054316218816922,21.031527477334784,0.3372968880551087,3029.9031885143972,20.102632262695643
0125 xanthan,100.0,70.0,placement_4,972.0,373585.0,0.006949912699191944,0.007558807016590901,0.008167701344759378,38.561631783223504,40.668177791220614,42.77472379060211,0.38547571696532584,5230.5929595793195,39.83728331314607
0125 xanthan,100.0,70.0,placement_5,990.0,257817.0,0.008016367540418649,0.008804973496217968,0.009593579457947378,30.810681091853994,32.434051923918325,34.057422842264145,0.38597720802879587,3511.248777008443,32.569281870731785
0125 xanthan,100.0,70.0,placement_6,981.0,419512.0,0.008774245400188318,0.009529482994634766,0.010284720608075091,48.52354462431443,51.31111287004385,54.09868103609858,0.4116836085939477,5259.889766436327,49.91161363398917
0125 xanthan,100.0,80.0,placement_1,994.0,583750.0,0.0068337325181894336,0.007389383471984629,0.007945034426341487,48.12079413779285,50.99471463597008,53.86863499654013,0.35057403725643443,6753.155373736269,50.08561270098751
0125 xanthan,100.0,80.0,placement_2,984.0,249956.0,0.005177734074583028,0.005590571735297375,0.006003409405337865,19.305363696280928,20.279695705201146,21.254027745894074,0.31169605790894067,3516.519408219391,20.242217855673783
0125 xanthan,100.0,80.0,placement_3,982.0,177459.0,0.005815393537460699,0.006428881557634926,0.007042369618725217,18.68781847496839,19.667532294710583,20.64724609874726,0.35433012249616375,2925.3103385143872,19.817275237423747
0125 xanthan,100.0,80.0,placement_4,957.0,384073.0,0.007179606132609687,0.007836241544298383,0.008492876970498586,39.01159907370546,41.185172595699036,43.35874611725508,0.3768837770147972,5066.853303618613,40.42297805684879
0125 xanthan,100.0,80.0,placement_5,982.0,286667.0,0.00902076765019158,0.009846149506254693,0.01067153139495472,34.36327716490113,36.18653211014593,38.00978710485245,0.38336941702407157,3528.4581560320403,36.28743275407094
0125 xanthan,100.0,80.0,placement_6,984.0,419229.0,0.008981521928376424,0.009790693960931003,0.010599866006747852,51.46414946729427,54.46890182401832,57.47365419038765,0.42696345196407565,5431.9039584291195,52.878336906525554
0125 xanthan,100.0,90.0,placement_1,985.0,568214.0,0.007541088142020321,0.008162551970818084,0.008784015790617994,49.11061086498323,52.108697402880075,55.10678381438189,0.3538426520629211,6237.511718438693,51.30427538856318
0125 xanthan,100.0,90.0,placement_2,983.0,285703.0,0.0058677639232447175,0.006375674542608151,0.006883585095521778,21.22774457603409,22.339457822534015,23.451171067756057,0.3034126736160173,3362.9313871211966,22.345331156567923
0125 xanthan,100.0,90.0,placement_3,977.0,236555.0,0.0060609546819951985,0.006669852043781706,0.007278749405804823,20.700572314499937,21.819512640020836,22.938452992399178,0.322447076814315,3116.6773184096837,21.926700062230992
0125 xanthan,100.0,90.0,placement_4,969.0,408151.0,0.007624312638747006,0.008293881078213083,0.00896344951831833,39.847810540934695,42.086808422356725,44.325806472087365,0.368555895548624,4903.995298255031,41.33976523557499
0125 xanthan,100.0,90.0,placement_5,973.0,312720.0,0.00876332260346667,0.009661257719592033,0.01055919283373605,36.18659104659713,38.20751829164286,40.22844564714203,0.37605958376755955,3755.278231905843,38.33748250166727
0125 xanthan,100.0,90.0,placement_6,975.0,408199.0,0.00952980486375271,0.01036623058296359,0.011202656271253685,52.97598363413394,56.07966316240573,59.18334274335738,0.4360073758097671,5299.420939020445,54.39420829471955
0125 xanthan,125.0,45.0,placement_1,1000.0,591260.0,0.004264025699337225,0.004568689636011171,0.004873353552447033,37.36548490650465,39.41774637271195,41.470007863484106,0.32384774601467964,8491.828974260356,38.57620920368789
0125 xanthan,125.0,45.0,placement_2,996.0,250061.0,0.004227666746846772,0.004607554644589389,0.0049874425145855685,16.852605381171887,17.737645366535,18.62268531917693,0.3027370960505435,3658.607822709548,17.733148398464625
0125 xanthan,125.0,45.0,placement_3,991.0,228298.0,0.007399284334530832,0.008221648440606855,0.009044012521503228,20.707314209699817,21.94219286895376,23.1770715167292,0.3239408354435701,2521.609352632507,22.316657465364035
0125 xanthan,125.0,45.0,placement_4,992.0,406377.0,0.007048524557756471,0.007650642841212988,0.008252761172084925,35.8750026897957,37.81997652472119,39.76495023076678,0.35846800483118363,4772.178960389666,37.34241250749904
0125 xanthan,125.0,45.0,placement_5,991.0,317387.0,0.007873146707846895,0.008588807040292131,0.009304467346268145,30.25494319520979,31.85405987661679,33.45317652225029,0.35006189227299783,3544.734226473096,31.902564725561902
0125 xanthan,125.0,45.0,placement_6,997.0,514098.0,0.009076176386260832,0.009905396129381834,0.010734615855073711,47.54139704214116,50.35789570738632,53.17439438271097,0.3697405589769695,4894.2888673899915,49.29711378397057
0125 xanthan,125.0,55.0,placement_1,999.0,598127.0,0.005172998748629052,0.005555418018454864,0.005937837276684521,41.13947534910734,43.45004282157579,45.76061033763461,0.3323396993996159,7672.1633154617375,42.591592933129405
0125 xanthan,125.0,55.0,placement_2,995.0,248140.0,0.003969019776146677,0.00433579031384354,0.004702560850725057,17.688783130735445,18.609760044312274,19.530737016804334,0.31252436907848513,4060.124475328178,18.59165489179378
0125 xanthan,125.0,55.0,placement_3,995.0,216903.0,0.006797703820587885,0.007501028378072992,0.008204353006957748,20.81428722007375,21.992565977017964,23.17084470506566,0.34012315674522625,2766.6092215796093,22.2870469760804
0125 xanthan,125.0,55.0,placement_4,984.0,397084.0,0.007064656129142699,0.007728888358795447,0.008393120561462667,36.22855345199329,38.269686788081415,40.31082017806968,0.3621870186643606,4746.241494018221,37.82336410493417
0125 xanthan,125.0,55.0,placement_5,985.0,296305.0,0.00867598696933389,0.009490224267304864,0.01030446157953425,31.84140045447675,33.55696804886242,35.27253567569704,0.36798340161780924,3384.1398050578023,33.719801819346706
0125 xanthan,125.0,55.0,placement_6,994.0,490165.0,0.009139231802528696,0.00992628999267349,0.010713348172427539,49.414148030147665,52.32304295190772,55.23193774560887,0.38823479021725044,5099.522593376552,51.018652052221526
0125 xanthan,125.0,70.0,placement_1,998.0,600583.0,0.006087456575383272,0.006561556468271983,0.007035656326756932,44.46097555862871,47.01302207859782,49.56506872163731,0.33673787141946687,6996.845191252909,46.24149680077512
0125 xanthan,125.0,70.0,placement_2,995.0,258314.0,0.00505163452013065,0.00555558626325513,0.006059537983179545,20.010449583232607,21.076909806768267,22.143369987800796,0.31808612468235586,3614.4334460218056,21.095236609327458
0125 xanthan,125.0,70.0,placement_3,991.0,185405.0,0.007244689265663005,0.007964513946077577,0.008684338622997542,20.64445629665338,21.768944754296875,22.893433167786853,0.35821505905530615,2618.3614358331374,22.02028848837255
0125 xanthan,125.0,70.0,placement_4,973.0,402091.0,0.007661381911000922,0.008369608836982578,0.009077835734221234,38.353168956179424,40.53249059297668,42.711812331620614,0.3654588408547612,4658.705588192587,39.99831554433671
0125 xanthan,125.0,70.0,placement_5,983.0,289800.0,0.010086721736886533,0.010933306216300362,0.011779890743856576,34.583213891922675,36.429150614857484,38.275087222854005,0.3831935236263878,3218.926011430659,36.58193285557871
0125 xanthan,125.0,70.0,placement_6,988.0,447350.0,0.00978396042521209,0.010628466973164542,0.011472973507131438,50.83093773824272,53.835540397265106,56.840142961355255,0.4100375777738211,4935.9755388068925,52.349374873731364
0125 xanthan,125.0,80.0,placement_1,996.0,619778.0,0.006902084251740233,0.0074568893756037265,0.00801169449946722,48.109492641207076,50.97456050980476,53.83962832683331,0.34047614835844475,6667.245389585145,50.202695561949255
0125 xanthan,125.0,80.0,placement_2,981.0,279702.0,0.005057400373858056,0.005525084961289564,0.005992769574170735,21.252395731645375,22.389245073434427,23.526094454349447,0.3131298955720437,3876.863570353546,22.370076084852588
0125 xanthan,125.0,80.0,placement_3,981.0,198106.0,0.008068188408123062,0.008882705766724671,0.009697223103558014,22.239223989327566,23.49714455108306,24.755065036436218,0.35391713550571,2514.6214138320333,23.906906579886847
0125 xanthan,125.0,80.0,placement_4,972.0,414341.0,0.007779312840482139,0.00844958178609554,0.009119850721998423,38.76171634147382,40.93456989598479,43.107423376975824,0.3608890047399697,4677.673104235049,40.34700893867249
0125 xanthan,125.0,80.0,placement_5,988.0,310126.0,0.010143341470933372,0.011055094031527685,0.011966846587619073,37.29670857157331,39.323406799118295,41.350105044886874,0.3883162424177294,3419.7439682221925,39.420763761940535
0125 xanthan,125.0,80.0,placement_6,987.0,436448.0,0.009722389755284994,0.01059341344808998,0.011464437148743293,50.832349638888125,53.865846393548274,56.89934309334083,0.4145548107157466,4923.332788421169,52.510537540755145
0125 xanthan,125.0,90.0,placement_1,997.0,634591.0,0.007481992840887509,0.008109103703978182,0.008736214561539134,50.49538632633903,53.57826526651687,56.66114426493178,0.341166372734925,6431.675302943447,52.86423549411307
0125 xanthan,125.0,90.0,placement_2,980.0,302273.0,0.005372354459542506,0.005857281406735628,0.006342208352896194,23.030688001271347,24.261812031988438,25.49293597949581,0.31144464957454393,3953.1472066094925,24.236441669614617
0125 xanthan,125.0,90.0,placement_3,976.0,232109.0,0.00858077806315106,0.009486184526218638,0.010391590971437393,24.082075657012243,25.460928952681964,26.839782258505053,0.34180317016028816,2553.8786890907345,25.79136698150622
0125 xanthan,125.0,90.0,placement_4,958.0,417007.0,0.00820045894738315,0.008887674460936896,0.009574889939087474,39.98939582504181,42.232096432655275,44.47479702322276,0.35950157423045687,4614.042721851614,41.63109012219901
0125 xanthan,125.0,90.0,placement_5,972.0,317327.0,0.011198939046749496,0.012265964599496531,0.013332990099993442,39.463020975266254,41.69002929362698,43.91703756000682,0.3881966825355165,3243.136901888711,41.964647038875206
0125 xanthan,125.0,90.0,placement_6,981.0,419604.0,0.009618359025971426,0.010486714466378512,0.011355069877369983,51.84124212308968,54.938740814189345,58.03623956561413,0.42809154186731846,5094.250446469913,53.39560697383949
0125 xanthan,150.0,45.0,placement_1,997.0,658813.0,0.005239010046294233,0.005611995173858468,0.0059849802901532695,40.784956615697304,43.08621823262833,45.38747981148128,0.3146536320926464,7502.863004481213,42.31918920525219
0125 xanthan,150.0,45.0,placement_2,1000.0,276203.0,0.005620832175370568,0.006199999730098464,0.006779167288402917,20.401510888820308,21.578772486044777,22.756034061775004,0.30724603299778974,3284.3702607516148,21.76567057150732
0125 xanthan,150.0,45.0,placement_3,995.0,234455.0,0.009263240211184305,0.010185475793893293,0.011107711386903679,24.102579361811014,25.505289751801772,26.908000203934073,0.3384096688722764,2388.7575759660954,25.96346726915401
0125 xanthan,150.0,45.0,placement_4,998.0,475792.0,0.008334924872357763,0.00904548847583963,0.009756052113865116,40.255893761633104,42.481516255404664,44.70713860372941,0.3420894253026055,4531.781677997442,42.1306946368169
0125 xanthan,150.0,45.0,placement_5,994.0,334963.0,0.010637892707710485,0.011734161988330976,0.012830431276586559,35.371766617940764,37.410301624499304,39.448836765014214,0.3598155373427341,3030.1148390588423,37.833277669079216
0125 xanthan,150.0,45.0,placement_6,997.0,491330.0,0.009653520597556968,0.010555360209266805,0.011457199826576362,44.405945152472455,47.07180230195696,49.737659346166744,0.35506698469995696,4269.296251932076,46.52324072988307
0125 xanthan,150.0,55.0,placement_1,998.0,676026.0,0.005946231553739665,0.006383782043811135,0.006821332547465798,43.12978456589521,45.61417090801492,48.09855736453414,0.31605196971019334,6954.799732260278,44.88426032333613
0125 xanthan,150.0,55.0,placement_2,992.0,275341.0,0.005808891330668784,0.006360373841563067,0.006911856365577492,21.288919174394636,22.447784931268682,23.606650680685707,0.31182847527385404,3360.664626273314,22.54027831698848
0125 xanthan,150.0,55.0,placement_3,992.0,238557.0,0.009319409100758813,0.010357186249900832,0.011394963429112774,25.12472189062702,26.662355119581683,28.199988375058027,0.34257979351361967,2427.847246859643,27.237129597279576
0125 xanthan,150.0,55.0,placement_4,993.0,477728.0,0.008548792114148725,0.009270151364961626,0.009991510568266299,40.56197845253584,42.852157971549275,45.14233754678546,0.3396095262856218,4460.906965966035,42.542525357623454
0125 xanthan,150.0,55.0,placement_5,992.0,317336.0,0.010335549075741628,0.011342068280061736,0.012348587503288218,35.45585996384375,37.43229135915675,39.40872284845639,0.37119079632487656,3150.0081891867553,37.74776523245736
0125 xanthan,150.0,55.0,placement_6,991.0,463219.0,0.009322735181321394,0.01019996267858552,0.011077190198454556,46.06317467839729,48.811804392145696,51.56043407378245,0.3782434652985347,4578.3543662434295,47.96449092693183
0125 xanthan,150.0,70.0,placement_1,996.0,681679.0,0.006418291298764319,0.006914327986252407,0.007410364665472616,45.500312261559046,48.17639799699996,50.85248385631891,0.3178277684755515,6785.401634470374,47.496215107418934
0125 xanthan,150.0,70.0,placement_2,990.0,297511.0,0.007538234402192784,0.00824187406338805,0.008945513673944052,24.174420306077874,25.51197294107796,26.84952561611717,0.31286414894751147,2941.0979776996355,25.71312035359506
0125 xanthan,150.0,70.0,placement_3,992.0,250633.0,0.00945533343809276,0.010454992959364093,0.011454652425323297,25.758028176609464,27.299075188931266,28.840122106562923,0.3397497085019576,2476.3640927581005,27.809938353716774
0125 xanthan,150.0,70.0,placement_4,982.0,476790.0,0.008807654296762892,0.009588581977062601,0.010369509646205,41.32551019094787,43.70569376091159,46.08587734224582,0.33900702258884374,4391.899744485067,43.39492461492194
0125 xanthan,150.0,70.0,placement_5,985.0,329004.0,0.011511112735752994,0.012653804717681991,0.01379649670820146,38.70148980186907,40.90982725341665,43.118164691786276,0.37834713368848844,3102.7264796912177,41.249274557789434
0125 xanthan,150.0,70.0,placement_6,988.0,429089.0,0.010341386608658625,0.011280155738786638,0.012218924851962465,47.18797993415962,50.03500114493232,52.88202239808549,0.3933324562352872,4264.968177594032,49.24159028476675
0125 xanthan,150.0,80.0,placement_1,994.0,705737.0,0.007272782562989502,0.007842175043631047,0.008411567542526604,48.61952004476657,51.53210608401467,54.444692162579116,0.3180214965543219,6389.264415047521,50.9342578926739
0125 xanthan,150.0,80.0,placement_2,988.0,309957.0,0.0071918265325208,0.007959367642202037,0.008726908715082905,24.555601392494474,26.000028496361885,27.44445552973646,0.3094645571673977,3089.8218647545195,26.237286205570495
0125 xanthan,150.0,80.0,placement_3,980.0,269716.0,0.01069635310991778,0.01187204643874973,0.013047739773447661,27.1647657477467,28.83938691071831,30.514008059447782,0.3314564695086993,2314.3972256238717,29.413651495194575
0125 xanthan,150.0,80.0,placement_4,978.0,480977.0,0.008532833016513164,0.009329337182052016,0.010125841326505071,40.75675311554846,43.169050308189,45.58134755991259,0.3348258376729571,4446.0381268301935,42.87826638268987
0125 xanthan,150.0,80.0,placement_5,980.0,332498.0,0.011079060007142854,0.012196265971344093,0.013313471967536744,38.96569965110218,41.22977879595151,43.49385806641653,0.3776429906982221,3207.3715686258547,41.648514476175095
0125 xanthan,150.0,80.0,placement_6,982.0,417062.0,0.010711918276061048,0.011731195723491648,0.012750473181866364,48.28670988908427,51.23428781450954,54.181865643854024,0.40420068740918536,4183.126158005677,50.34852788514268
0125 xanthan,150.0,90.0,placement_1,989.0,710251.0,0.007982598435747987,0.008631810393578253,0.009281022334614602,49.89308402536512,52.94726678150906,56.00144935475452,0.31607600356579996,5932.505299501062,52.480696239152444
0125 xanthan,150.0,90.0,placement_2,979.0,329721.0,0.0067276334181100616,0.007341497424667135,0.007955361429896553,25.149975353832755,26.54435407421572,27.938732681258003,0.30342935206271027,3433.9932228870493,26.665596504576488
0125 xanthan,150.0,90.0,placement_3,979.0,275554.0,0.009411839762744444,0.010391611080299543,0.011371382401775234,26.82079016931785,28.436285974833737,30.05178182276328,0.32994532803330806,2591.493119882492,28.906044476710946
0125 xanthan,150.0,90.0,placement_4,959.0,468414.0,0.008862201865787947,0.009657999031265121,0.01045379621195124,40.853445527619854,43.26243675993296,45.671427881635566,0.3341800796386673,4333.745257506392,42.91517756483236
0125 xanthan,150.0,90.0,placement_5,982.0,341301.0,0.01203363973921432,0.01315157028966473,0.014269500828060624,40.00012107556176,42.29193483991065,44.58374847008755,0.3754456022464847,3075.082724521373,42.676699899996336
0125 xanthan,150.0,90.0,placement_6,971.0,414273.0,0.00977557370728589,0.0106847430047071,0.011593912273380011,47.09990101858462,49.951253202372165,52.80260544250638,0.40102915981464776,4497.478092926084,48.93697231356021
025 xanthan,75.0,45.0,placement_1,999.0,186521.0,0.0023936785393486155,0.002513410132678152,0.002633141725867976,17.377932998722315,18.08090973766922,18.78388651350028,0.3695009043572918,7172.038292324102,17.801009439974028
025 xanthan,75.0,45.0,placement_2,996.0,24247.0,0.00217476358157532,0.002338891139515961,0.0025030186810366204,3.718176560702151,3.9048939280954977,4.091611290093704,0.3634101295551975,1641.2460374576106,3.96812694584712
025 xanthan,75.0,45.0,placement_3,1000.0,39327.0,0.0034976581090189114,0.003760931422625784,0.00402420475251172,6.485357479834677,6.8109987664716085,7.136640041968871,0.40784654890352867,1783.2968964948375,6.918229217896516
025 xanthan,75.0,45.0,placement_4,997.0,205485.0,0.007484531114592957,0.008047134559432853,0.00860973799198837,35.04605452452649,36.81949730750628,38.59294006948713,0.4949354603405469,4527.230260546062,36.51627596624643
025 xanthan,75.0,45.0,placement_5,1000.0,44512.0,0.0022706656891786315,0.002478755138556675,0.0026868445882907385,6.936214584043775,7.277676697470182,7.6191388583514055,0.4222465235759357,2879.7478944568093,7.361385781185999
025 xanthan,75.0,45.0,placement_6,998.0,115676.0,0.005011640703218724,0.005450117858336339,0.005888594989835237,17.442463298202053,18.309411676802636,19.176359985511834,0.41485653069192346,3278.243467916333,18.46256707496841
025 xanthan,75.0,55.0,placement_1,1000.0,322718.0,0.004448286850158481,0.0047097507132787125,0.004971214588541794,31.200199861909468,32.61019214647545,34.02018445560627,0.37508749732418045,6934.863037912685,31.832323633181318
025 xanthan,75.0,55.0,placement_2,999.0,43940.0,0.0022428478941924034,0.0024134404680316215,0.0025840330286428844,5.411423713718765,5.6652330353493445,5.919042380329409,0.3522881922326287,2299.029272822612,5.731856569414509
025 xanthan,75.0,55.0,placement_3,1000.0,63960.0,0.002855847127534542,0.003133333725421859,0.0034108203446463975,7.990101534363367,8.404315005433514,8.818528483517204,0.376556601694616,2575.159247923639,8.51506810465
025 xanthan,75.0,55.0,placement_4,999.0,298010.0,0.0086865774150158,0.009392645334275508,0.010098713278875607,44.52049793814567,46.904744736808,49.288991554052124,0.4648048049063903,4924.711163211896,46.177709978319044
025 xanthan,75.0,55.0,placement_5,999.0,63082.0,0.003372480862324404,0.003638606794846065,0.0039047327086159348,8.925721440556732,9.3623408191237,9.798960156693724,0.39586470933958096,2580.12667299643,9.418002235256072
025 xanthan,75.0,55.0,placement_6,999.0,212898.0,0.007777936755735045,0.008392077157222433,0.009006217547742374,33.62501224749068,35.31100965152469,36.99700695112347,0.44154818537205914,4100.734984154308,35.40565256357089
025 xanthan,75.0,70.0,placement_1,1000.0,453522.0,0.005922372268019758,0.006333437903035427,0.006744503541679992,42.57272049939934,44.72798001667107,46.883239384320554,0.36931654763168364,7080.7978232712785,43.382472769493546
025 xanthan,75.0,70.0,placement_2,997.0,106771.0,0.002978182608210497,0.0032022356858114323,0.0034262887264531307,9.072493363934049,9.498690166252945,9.924886953942575,0.3110015600164642,2968.80172175813,9.49251981012951
025 xanthan,75.0,70.0,placement_3,999.0,134166.0,0.0030928926882570302,0.003315035751118803,0.0035371788147833786,11.795613519559955,12.364425952488968,12.933238372878765,0.3262342672757587,3641.076899523666,12.364608743980726
025 xanthan,75.0,70.0,placement_4,999.0,362608.0,0.008633745487671181,0.009395393918664164,0.01015704237386237,49.015349006045085,51.76730851629689,54.519267958927756,0.4428901033558668,5430.660553591651,50.73466933814531
025 xanthan,75.0,70.0,placement_5,999.0,104320.0,0.003869541269532527,0.004170823849583559,0.004472106428957857,11.966558665008298,12.550590706771464,13.134622776721667,0.35807996136204256,2960.5575266516626,12.630200918170685
025 xanthan,75.0,70.0,placement_6,1000.0,285247.0,0.009400781827847175,0.01015581048394363,0.010910839137588836,42.600316212197086,44.87753554677923,47.15475477500676,0.431818891823983,4326.167860297408,44.8202568416338
025 xanthan,75.0,80.0,placement_1,1000.0,558086.0,0.006755028933918232,0.007254323577758033,0.00775361823499684,50.45367042265483,53.18373532390694,55.91380027875507,0.3665517226764376,7378.241491670113,51.22056746315916
025 xanthan,75.0,80.0,placement_2,1000.0,196832.0,0.003513235112408147,0.003773856825464475,0.004034478532972777,13.230068825709566,13.88862415731211,14.547179481377713,0.285289964617179,3662.439913594657,13.831511253968891
025 xanthan,75.0,80.0,placement_3,1000.0,206978.0,0.0042282756456241445,0.0045487779712950205,0.00486928030609048,15.781005053801577,16.57467774046261,17.368350451269773,0.306424144988544,3576.3352960975913,16.537359930426312
025 xanthan,75.0,80.0,placement_4,994.0,395365.0,0.009350004473430276,0.010165231699971822,0.010980458914858883,50.28421602619691,53.130336184138486,55.97645625684787,0.4280100200668958,5168.07749127306,52.02844595894363
025 xanthan,75.0,80.0,placement_5,999.0,156859.0,0.004474023532446954,0.0047810064586949015,0.005087989354418898,14.568293232122086,15.277312312009574,15.98633137500929,0.3278950342424983,3226.2333599331823,15.241154015063806
025 xanthan,75.0,80.0,placement_6,1000.0,376182.0,0.011749218449811298,0.012794207545099176,0.013839196635030939,50.21344641697878,53.10331405458314,55.993181615422344,0.4094766803783204,4092.9600350738056,52.83159613924147
025 xanthan,75.0,90.0,placement_1,1000.0,634070.0,0.006995455213514816,0.0075260788835249245,0.008056702546835529,55.718166278517074,58.83705940867401,61.955952637090334,0.3675981290013365,7914.770466057234,56.349393699969404
025 xanthan,75.0,90.0,placement_2,998.0,289604.0,0.0047168226529600045,0.005015944973896936,0.005315067256881343,18.088851304291257,18.981105331609676,19.873359389555837,0.2756593109988,3783.54577869551,18.818792360824283
025 xanthan,75.0,90.0,placement_3,999.0,300005.0,0.005352031525324185,0.005782308409666852,0.006212585292376628,20.52479818708956,21.605923849344624,22.687049529832194,0.29279098538675774,3597.585946012184,21.538969159414613
025 xanthan,75.0,90.0,placement_4,987.0,430621.0,0.008759001520709457,0.009523814306437063,0.010288627080268441,51.773958455874094,54.754654613197516,57.73535075298593,0.41793037576397135,5676.665811912732,53.44686440355034
025 xanthan,75.0,90.0,placement_5,1000.0,255339.0,0.005190584075197397,0.00559986442711325,0.006009144744271067,18.98102259561951,19.9587054582575,20.936388313288763,0.29817254556935446,3558.1748061779936,19.872165696054086
025 xanthan,75.0,90.0,placement_6,998.0,447064.0,0.010749737861004801,0.01181281108591895,0.012875884336670885,54.13953181970346,57.406040298259754,60.672548764788715,0.40135256003269787,4700.578565888032,56.77716605374939
025 xanthan,100.0,45.0,placement_1,1000.0,603371.0,0.005157585190102053,0.005536406868696909,0.005915228545058597,47.480698909207916,50.06182844445375,52.642957943968895,0.3626136160610447,9207.101586667597,47.80964134970592
025 xanthan,100.0,45.0,placement_2,1000.0,221211.0,0.0022589701242782425,0.0024087720667990676,0.0025585740116402934,13.896639889875765,14.535903463931986,15.175167052503795,0.2999332852726662,5890.799472714754,14.354914197921453
025 xanthan,100.0,45.0,placement_3,1000.0,317148.0,0.004449867000067321,0.004730097893588423,0.005010328780985759,19.769153622885295,20.764592957013715,21.760032259040347,0.2938974328557899,4407.070804704856,20.471094801801613
025 xanthan,100.0,45.0,placement_4,999.0,480578.0,0.0072883102788332,0.007942461595052878,0.008596612915463937,48.91795321031821,51.69009476654754,54.46223618641727,0.40167132728830673,6415.077296706696,50.07367563090286
025 xanthan,100.0,45.0,placement_5,1000.0,248480.0,0.004344298744214569,0.00462168657921709,0.0048990744213640025,19.234047034713253,20.146053677880357,21.058060317139418,0.32303130981871975,4306.5788714034525,19.928205170736604
025 xanthan,100.0,45.0,placement_6,1000.0,468861.0,0.008858367273580298,0.009654784899777653,0.010451202497292757,52.56063520482657,55.5687807767819,58.576926367160866,0.4078391599029695,5636.599280546775,54.12963711448379
025 xanthan,100.0,55.0,placement_1,1000.0,621979.0,0.005815057543761387,0.0062561646712048224,0.00669727179781082,51.15191218585294,53.98256724171915,56.81322233778239,0.3696415119278895,8760.887614327752,51.53956209053303
025 xanthan,100.0,55.0,placement_2,999.0,214207.0,0.0027470110690029307,0.0029219298648323414,0.0030968486691929586,14.64579552625217,15.327160757240815,16.008525972721348,0.30909251392749393,5113.132702475845,15.186150121560654
025 xanthan,100.0,55.0,placement_3,1000.0,294522.0,0.004138456592173824,0.004411389469470579,0.004684322344900544,19.478151583585028,20.44867964919201,21.419207778304703,0.3077214126916927,4593.259858141673,20.169359660725682
025 xanthan,100.0,55.0,placement_4,996.0,474866.0,0.00778909763748289,0.008484924630851242,0.009180751627793,49.517814629726914,52.31548256929013,55.11315046148822,0.40452266743263265,6039.943017488402,50.81064096960584
025 xanthan,100.0,55.0,placement_5,1000.0,227113.0,0.0042140887660135655,0.004499494671619212,0.004784900618329104,18.016491519136093,18.86598035150578,19.715469183526537,0.33052341350538544,4115.541731072677,18.700266812186847
025 xanthan,100.0,55.0,placement_6,1000.0,448895.0,0.009884541369534084,0.010743096874547692,0.011601652363440618,55.48419597207235,58.68173351138218,61.87927101440303,0.42744035512837075,5409.278327020841,57.21033217954886
025 xanthan,100.0,70.0,placement_1,999.0,662310.0,0.006504351673197692,0.007001833200119317,0.007499314726202665,55.421838794958774,58.56098646397456,61.70013407039905,0.3707171464586804,8488.56857204504,55.855913588772964
025 xanthan,100.0,70.0,placement_2,997.0,259226.0,0.0027781163660992266,0.002956273673009664,0.003134430937029757,15.877802307752503,16.635540074032956,17.39327788315126,0.29469313484186344,5545.736927244927,16.412228386006706
025 xanthan,100.0,70.0,placement_3,999.0,303631.0,0.004850090788962602,0.005194141159522368,0.005538191502977869,20.658315512220167,21.683244461077955,22.708173378046318,0.30855344835501936,4117.030189915283,21.40743382073921
025 xanthan,100.0,70.0,placement_4,997.0,497273.0,0.007830630637828885,0.008551527960444928,0.009272425303254955,50.1370083949659,53.02743080027024,55.91785313893792,0.3970530812381944,6091.69178411234,51.52872308488114
025 xanthan,100.0,70.0,placement_5,999.0,268630.0,0.0050964145586671755,0.005464091214652223,0.0058317679228723565,19.708533461459524,20.702513822267115,21.696494171338838,0.31324343520148734,3691.778163036536,20.570289278734908
025 xanthan,100.0,70.0,placement_6,999.0,457681.0,0.009772102855922787,0.010659027038350942,0.011545951230733627,56.45475794428922,59.74717724503653,63.0395965287389,0.42830609252896595,5515.614013516685,58.263856695504465
025 xanthan,100.0,80.0,placement_1,1000.0,697802.0,0.006933925058031901,0.0074807458448125285,0.008027566630197425,58.6429380937868,62.0501392901802,65.45734048210726,0.37121845781007096,8399.10553101108,59.18325659317109
025 xanthan,100.0,80.0,placement_2,996.0,318348.0,0.003683538150167912,0.003968951212472578,0.004254364257711608,18.662618426146,19.62631736709172,20.59001628435487,0.28293246765324875,4796.476139340295,19.42174241163725
025 xanthan,100.0,80.0,placement_3,998.0,295363.0,0.004360157544115871,0.004657442683740162,0.004954727834491482,20.828525102782518,21.848104569638288,22.867684009362637,0.314980711717688,4541.719609500893,21.61456906169799
025 xanthan,100.0,80.0,placement_4,996.0,521834.0,0.00759080986630224,0.008252127657569334,0.008913445447627778,49.85083200389322,52.69032796702877,55.529823862339704,0.3865127464188106,6310.946860291988,51.152589474715825
025 xanthan,100.0,80.0,placement_5,998.0,295567.0,0.005209323109769587,0.005671970756896946,0.006134618377815037,21.010113676097628,22.134968298845873,23.25982293816666,0.30880805257899424,3789.3947506467,21.999411648393185
025 xanthan,100.0,80.0,placement_6,999.0,479752.0,0.01015182481508304,0.011073925983130917,0.011996027118241525,57.204143690547845,60.545101285001174,63.88605913820243,0.42247475127759465,5386.310735414048,58.985413825941265
025 xanthan,100.0,90.0,placement_1,1000.0,704902.0,0.007486946285224576,0.008088628260093609,0.008690310260923218,60.96067033094845,64.56044016977533,68.16020992820818,0.3746378219814744,8032.890109554792,61.761423710373556
025 xanthan,100.0,90.0,placement_2,1000.0,380845.0,0.004921243186674146,0.005263317411346954,0.005605391638994411,21.685974924531696,22.8106047621154,23.935234603467578,0.2761334953407253,4270.239874755475,22.568073455337395
025 xanthan,100.0,90.0,placement_3,999.0,364963.0,0.0049281045233881045,0.0053142606356046925,0.005700416782731991,22.98573337662485,24.204933742169633,25.4241341988071,0.2957544687917999,4425.304220372792,23.949115465100796
025 xanthan,100.0,90.0,placement_4,995.0,544049.0,0.007644462565672285,0.00833753403990015,0.00903060553415218,50.27723534558488,53.191875939681275,56.10651664838182,0.3788936828197211,6261.902368747877,51.69473954698063
025 xanthan,100.0,90.0,placement_5,1000.0,336058.0,0.00565457884807167,0.006162216842572311,0.006669854856918488,23.028936056855713,24.288396998627537,25.547857939282782,0.3038841592541473,3859.682653778168,24.108830339120566
025 xanthan,100.0,90.0,placement_6,1000.0,496501.0,0.009721451394627179,0.010713877848929281,0.011706304307104535,56.80545795774754,60.21184825573406,63.61823865030508,0.41638219918012964,5473.657975720664,58.66319654138208
025 xanthan,125.0,45.0,placement_1,1000.0,749519.0,0.005166401276891591,0.005562865110209082,0.005959328946038885,51.664308401254495,54.62894087750016,57.59357352346658,0.34914860597344355,9969.04323797196,52.15366316010713
025 xanthan,125.0,45.0,placement_2,998.0,313892.0,0.0032297505775826948,0.0034686543721359027,0.0037075582006645745,17.089887174681035,17.97628308885585,18.862679037434436,0.2825295960520803,5020.027604290257,17.78255859567705
025 xanthan,125.0,45.0,placement_3,1000.0,346732.0,0.0041125655723824005,0.0044397890780628335,0.0047670125813530796,21.132473811348454,22.219671123048172,23.30686853049496,0.30034538889283574,4893.89913995832,21.895794263205005
025 xanthan,125.0,45.0,placement_4,997.0,577065.0,0.0071857424923606,0.007886233505232574,0.008586724513782264,46.966756917645895,49.71718641733926,52.467615930191975,0.36271569142750715,6101.946955915625,48.49267968430992
025 xanthan,125.0,45.0,placement_5,1000.0,316428.0,0.004924069899869821,0.005297017495430626,0.005669965110636331,21.593082129236485,22.68416652410346,23.7752510168111,0.31242674078815863,4319.546441791691,22.343314329468917
025 xanthan,125.0,45.0,placement_6,999.0,544321.0,0.008294695804854903,0.009006989984619037,0.009719284152088456,56.450664994760636,59.679262301294166,62.90785967209554,0.4105481481087962,6556.69442499456,57.454496857750335
025 xanthan,125.0,55.0,placement_1,1000.0,748253.0,0.005981276434487584,0.006447696535610478,0.006914116626963263,54.48262822863898,57.64294467001939,60.80326108906812,0.35457740119251036,9044.361574254974,55.04210333284291
025 xanthan,125.0,55.0,placement_2,997.0,300890.0,0.0031688944294159783,0.0034030765795185053,0.0036372587200665125,17.13780856721925,18.023677835235357,18.909547067413268,0.28921162349839774,5126.969609285535,17.841330515546076
025 xanthan,125.0,55.0,placement_3,1000.0,335546.0,0.004451166904652345,0.00479237267541433,0.0051335784202157396,20.931995153817923,22.030331931311267,23.128668692474573,0.3026783810746297,4416.422149443977,21.8096565610882
025 xanthan,125.0,55.0,placement_4,999.0,576960.0,0.006868576883777352,0.007503924708743568,0.008139272508736138,47.65653045974599,50.43238978660438,53.2082491665536,0.36608077140218287,6593.9151972485115,49.06739816863362
025 xanthan,125.0,55.0,placement_5,998.0,300877.0,0.004082554770972293,0.004403220765454815,0.004723886728855075,20.125408332195004,21.16799501384566,22.210581684587797,0.3129847509085405,4730.665590674243,20.941095310534163
025 xanthan,125.0,55.0,placement_6,1000.0,513546.0,0.009340167888893256,0.010149256038716015,0.010958344169277701,57.49696447229289,60.8060851642558,64.11520597960123,0.4212227956437705,5907.110222767976,58.90042004695945
025 xanthan,125.0,70.0,placement_1,999.0,756928.0,0.006792713271433113,0.00731575825009925,0.007838803231559641,57.243579513991165,60.59739991979634,63.95122030771829,0.3570935121783345,8336.024432266375,57.96233418002692
025 xanthan,125.0,70.0,placement_2,999.0,329127.0,0.003983453712498989,0.004275267110346423,0.004567080494047946,18.945071372039543,19.920737272373472,20.896403164045218,0.28660630581304325,4548.519182159282,19.702359296480903
025 xanthan,125.0,70.0,placement_3,1000.0,350827.0,0.004536547805180999,0.004945482699988442,0.005354417576232679,21.525934229493345,22.69956603986487,23.87319786461241,0.2988372156788933,4441.3597978035,22.490659808462805
025 xanthan,125.0,70.0,placement_4,997.0,574467.0,0.007470654260103314,0.008234261708886718,0.008997869165299738,48.110722280428426,50.994332930039626,53.87794369192518,0.36513347345065933,5992.22607297733,49.824266202886996
025 xanthan,125.0,70.0,placement_5,997.0,309780.0,0.005175775698462329,0.005548313930947478,0.005920852147762164,20.921110521379966,21.997069633819688,23.073028776497893,0.3062525228075199,3949.7613153940415,21.775430650879244
025 xanthan,125.0,70.0,placement_6,1000.0,508926.0,0.009079235560922484,0.009892627148546721,0.010706018736310533,56.73976326223251,60.01445785002578,63.28915243502759,0.4211057815787461,5958.1393549365575,58.15499541552839
025 xanthan,125.0,80.0,placement_1,1000.0,763965.0,0.007378401373298338,0.007957957085423076,0.008537512799780982,59.88286217905125,63.43903130550403,66.9952005436152,0.36066041494833107,7986.843911576104,60.7524783921498
025 xanthan,125.0,80.0,placement_2,999.0,358405.0,0.00436538445356766,0.00468681007357607,0.005008235703731116,20.542413743856354,21.61537876319868,22.688343786732386,0.28135758613549533,4468.383974910124,21.424491551090917
025 xanthan,125.0,80.0,placement_3,1000.0,381314.0,0.005294145893660142,0.00577168500703624,0.006249224128891398,22.966020718180253,24.233239501271555,25.500458353870208,0.29163106130978755,4076.8408082293727,24.04427088870352
025 xanthan,125.0,80.0,placement_4,991.0,601427.0,0.007212956124643437,0.007885830823919339,0.00855870554690927,48.81545420833297,51.69758247928085,54.57971083388801,0.35813910909981045,6455.320750287533,50.325862476713596
025 xanthan,125.0,80.0,placement_5,998.0,314296.0,0.005485226028773363,0.005930988104746808,0.006376750148999915,21.32925800959304,22.48457334359183,23.639888757306657,0.3041152478244092,3721.630989725639,22.36245254860416
025 xanthan,125.0,80.0,placement_6,997.0,526561.0,0.009020885032258345,0.009878887981162113,0.010736890924606154,56.70608435377752,60.031234131219676,63.356383856024486,0.4135257213034921,5949.276731219244,58.20865831701521
025 xanthan,125.0,90.0,placement_1,998.0,744408.0,0.007754357854031147,0.008384521642828772,0.009014685426032289,60.99298435708876,64.70994987946875,68.42691553163205,0.36486311481477596,7692.45824753244,62.19851809573786
025 xanthan,125.0,90.0,placement_2,997.0,400136.0,0.0045152980139181904,0.004861905009281382,0.005208512014575324,21.921942011637235,23.11270555506472,24.303469204186896,0.274641165036307,4656.040624825477,22.879207065698417
025 xanthan,125.0,90.0,placement_3,999.0,421967.0,0.005172634932284095,0.005620515250950338,0.006068395577536545,24.150374628937396,25.52721770139761,26.904060782100874,0.2857650511345547,4389.662731346608,25.308113977132805
025 xanthan,125.0,90.0,placement_4,981.0,588269.0,0.007970764171749826,0.008715403211277659,0.00946004225806158,48.70501367082602,51.60969065169303,54.51436759670643,0.3563353081301782,5795.015597479475,50.39333676754119
025 xanthan,125.0,90.0,placement_5,999.0,358596.0,0.006129094530121905,0.006646601622795972,0.007164108710457847,23.163328557519005,24.442547082227385,25.721765589611394,0.2932881433210207,3617.80781165875,24.300273585780275
025 xanthan,125.0,90.0,placement_6,996.0,535381.0,0.008423396302898083,0.009191424556567731,0.009959452821903495,55.65845332946798,58.9034738388314,62.14849421618905,0.40858576508843086,6303.812226039292,57.01269000438487
025 xanthan,150.0,45.0,placement_1,954.0,811382.0,0.005377015759866117,0.005788918559341533,0.006200821367302519,53.704597597428496,56.88618486962797,60.067772169917596,0.33583976015331335,9927.65686747945,54.42332277351622
025 xanthan,150.0,45.0,placement_2,998.0,329181.0,0.0038955469185447543,0.0042276046095472905,0.004559662298583149,17.966451584601927,18.94830490898347,19.9301582402178,0.2796552632869922,4370.1590983248125,18.777851565406166
025 xanthan,150.0,45.0,placement_3,1000.0,396581.0,0.004349794457778342,0.004747038915999361,0.005144283366857904,21.384721006083687,22.60618570495469,23.827650378981705,0.2855950060475674,4545.5114276038985,22.408051238747333
025 xanthan,150.0,45.0,placement_4,1000.0,540166.0,0.008055975532981161,0.00884652073685367,0.009637065953008603,44.23346870356707,46.863424932910625,49.49338133699956,0.3482166230672647,5102.633358361692,46.31858582302839
025 xanthan,150.0,45.0,placement_5,999.0,336562.0,0.004744541646120247,0.0050953273744411,0.005446113089838527,21.115484110955947,22.2217884519848,23.328092798043308,0.29994701841392846,4269.296026643413,21.997957653716856
025 xanthan,150.0,45.0,placement_6,999.0,578250.0,0.008536419454023803,0.0093378553818852,0.010139291328957092,56.48832266447673,59.791501419182396,63.094680357191116,0.40244906880689635,6277.070104469515,57.74315356932851
025 xanthan,150.0,55.0,placement_1,654.0,554966.0,0.0056474347069655475,0.006092109325556243,0.00653678392365916,55.07744142692133,58.36257626119982,61.647711153527005,0.3385649269794668,9664.114513916766,55.8690354290318
025 xanthan,150.0,55.0,placement_2,997.0,323623.0,0.004246997065272581,0.004632340666898174,0.005017684276354624,18.321392615266912,19.33853414551335,20.355675666660243,0.2817536354450247,4023.217496852843,19.220398996917062
025 xanthan,150.0,55.0,placement_3,999.0,388366.0,0.004944860220063777,0.0053714989040814535,0.005798137624398237,21.853708948309542,23.101152592267677,24.348596271992264,0.2873456990541494,4151.634164772034,22.946893534736258
025 xanthan,150.0,55.0,placement_4,997.0,549382.0,0.009067032215855975,0.009943192417554631,0.01081935258558498,45.731905882162685,48.45670633340497,51.18150674096946,0.34860271248377545,4703.898468267158,47.8893947114452
025 xanthan,150.0,55.0,placement_5,1000.0,312698.0,0.005008780241859605,0.005413116703642786,0.0058174531320593,20.56879741283535,21.67420909089598,22.779620762396686,0.30248374004284045,3924.9804739912292,21.521707726239494
025 xanthan,150.0,55.0,placement_6,999.0,570393.0,0.008418937598996857,0.009181038628237811,0.009943139638896975,57.174628809020106,60.48902642713584,63.803424284439714,0.4072093522438417,6494.920187857067,58.37808060580808
025 xanthan,150.0,70.0,placement_1,995.0,849656.0,0.0062834740050894105,0.006775992977463107,0.007268511934687172,57.49643374653684,60.961094673502096,64.42575587877168,0.3409613548494494,9027.496663364569,58.40205872578647
025 xanthan,150.0,70.0,placement_2,1000.0,338180.0,0.0048759019878444184,0.005284761495529704,0.005693621004392636,19.830826158727888,20.925961350294813,22.021096522181946,0.280233297942548,3837.115656833492,20.833050239600148
025 xanthan,150.0,70.0,placement_3,999.0,382188.0,0.005275720327754675,0.005688817007512529,0.006101913722080675,21.9766601303064,23.196240800530294,24.41582143247291,0.28666329304172633,4028.519507291005,22.986074442981355
025 xanthan,150.0,70.0,placement_4,995.0,567748.0,0.008766417921682427,0.009644374771318878,0.010522331640313189,46.5448978722659,49.37412562210058,52.20335353156748,0.347629714607324,4953.00758649397,48.68188278795587
025 xanthan,150.0,70.0,placement_5,1000.0,323526.0,0.00565873668017798,0.006055584894038518,0.006452433090639984,21.148274052465506,22.263029868897803,23.377785692378538,0.29661000662323334,3648.6843727702553,22.11375693392877
025 xanthan,150.0,70.0,placement_6,994.0,565578.0,0.008531054644949973,0.0093346859349406,0.01013831720920469,56.28633590954765,59.58655368519713,62.88677141703698,0.40346794630726196,6258.89026733522,57.6704385525865
025 xanthan,150.0,80.0,placement_1,999.0,842259.0,0.007007332723754207,0.0075696734731016645,0.008132014227199353,59.254418103820164,62.88605914975768,66.51770017557656,0.34406495808506987,8276.228881455283,60.397689461237945
025 xanthan,150.0,80.0,placement_2,999.0,373090.0,0.005005302425124078,0.005401134584668612,0.005796966718436152,20.74581279117743,21.90070205474693,23.055591347935522,0.2732525170576218,3929.699491420922,21.770047072126182
025 xanthan,150.0,80.0,placement_3,1000.0,411253.0,0.005638991570857588,0.006148038192189502,0.00665708483286972,23.328950287670175,24.684309164194513,26.039668001777986,0.28079473605940547,3863.55396851755,24.59064272478147
025 xanthan,150.0,80.0,placement_4,997.0,582936.0,0.008836961227785238,0.00970962493208958,0.010582288622394622,47.062654586650176,49.91328833716776,52.76392208348555,0.3461621101037192,4996.509882352955,49.11921732288891
025 xanthan,150.0,80.0,placement_5,999.0,354505.0,0.005723466994832092,0.006215807534231807,0.006708148064393018,22.910719917360282,24.195285180643662,25.479850469354748,0.29073844267635995,3741.6175096601496,24.161847600511503
025 xanthan,150.0,80.0,placement_6,997.0,563716.0,0.008049009536273856,0.008767445108840304,0.009485880693096166,55.42368662087091,58.63286091943261,61.84203533278854,0.4023489801173215,6581.237954489138,56.70656725739171
025 xanthan,150.0,90.0,placement_1,1000.0,814367.0,0.007669491926438214,0.008292993905742193,0.008916495901236639,60.300441067973296,64.0531665443355,67.80589196263534,0.34818907348497524,7644.330625791535,61.75631176293762
025 xanthan,150.0,90.0,placement_2,999.0,416327.0,0.004860430401180263,0.005282512833053344,0.00570459530322517,22.012332020227888,23.274006254360987,24.535680447139125,0.2677772805941516,4286.538630171138,23.117685417141516
025 xanthan,150.0,90.0,placement_3,999.0,456863.0,0.005587738923476146,0.006107683444836262,0.006627627976570046,24.73844293600945,26.215602343974115,27.692761811456393,0.2736795298719604,4110.792156673917,26.122005848798008
025 xanthan,150.0,90.0,placement_4,992.0,599970.0,0.008308442019494395,0.009140922925003746,0.009973403819362734,47.20206327469077,50.0842474041681,52.966431525484914,0.34300914766217333,5314.814610048014,49.18441357270272
025 xanthan,150.0,90.0,placement_5,999.0,397838.0,0.00592057987907274,0.006392311557256725,0.006864043176560538,24.4401879038922,25.813094481088537,27.1860010904188,0.2834559956573909,3935.3458413957082,25.695023878853995
025 xanthan,150.0,90.0,placement_6,994.0,550367.0,0.008069934588823657,0.008796016142948504,0.009522097707253475,55.065878637452506,58.23823264792693,61.41058673254073,0.4050298827844916,6505.562475146311,56.338307962215204
